pop_size;best_fit;num_species
11;0.007939463394043722;1
11;0.014744834812747076;1
