pop_size;best_fit;num_species
128;0.4607344283514426;9
127;2.049618797363901;11
127;2.049618797363901;15
127;2.049618797363901;22
132;2.049618797363901;24
129;2.049618797363901;25
129;2.049618797363901;31
135;2.049618797363901;32
136;2.049618797363901;36
