pop_size;best_fit;num_species
128;0.4780093273823306;35
133;0.9251659848146686;35
138;0.9251659848146686;35
130;0.9251659848146686;35
132;0.9251659848146686;35
133;0.9251659848146686;35
133;0.9251659848146686;36
136;0.9251659848146686;36
130;1.0684871624558605;36
139;1.0684871624558605;36
