pop_size;best_fit;num_species
32;2.927901741342916;4
31;2.927901741342916;6
33;2.927901741342916;7
33;2.927901741342916;7
31;2.927901741342916;7
