gen;best_fit;avg_fit;median_fit
180;0.9667518059529178;0.0014389841305278372;0.013527959141049956
185;1.8147921962358962;0.10570902667805514;0.011808651507631773
190;1.4036690972712949;-0.10504198447593018;0.009636338526818805
195;2.749641078052204;0.05329980504790367;0.01514422261769352
200;2.5816484094465952;0.1285778625680965;0.03445887939521841
