gen;best_fit;avg_fit;median_fit
180;3.2126188967970544;0.06672491458261923;0.008873790908549506
185;3.2126188967970544;-0.13469878617969605;0.027918693042968457
190;3.2126188967970544;0.14030733694222708;0.01251226531005356
195;3.2126188967970544;0.08721859158861539;0.012114311052589255
200;2.2247201915010804;-0.0776350869813684;0.0111980181037383
